startHub,endHub,road_geometry
mcallen,laredo,"LINESTRING (-98.230081 26.204024999999994, -98.232327 26.189916000000007, -98.333744 26.202223, -98.364291 26.232045000000006, -98.423802 26.240479999999994, -98.428847 26.254677999999988, -98.481142 26.266590999999988, -98.529282 26.257346999999992, -98.754624 26.346753000000003, -98.806007 26.378443999999995, -98.874531 26.37288700000002, -98.941539 26.407193999999997, -99.013837 26.403356999999993, -99.029888 26.459796999999995, -99.088431 26.52633400000002, -99.087813 26.61256600000002, -99.127786 26.791129, -99.186227 26.839736000000006, -99.2522 26.864631999999993, -99.265848 26.900018999999997, -99.306194 26.943143999999993, -99.33995800000001 26.951433, -99.387778 27.010152000000026, -99.436528 27.040051, -99.42384 27.105041999999994, -99.422078 27.275571000000003, -99.480031 27.40628700000001, -99.480377 27.506589, -99.507451 27.505677000000006)"
laPorte,deerPark,"LINESTRING (-95.01933 29.665777000000006, -95.028802 29.66536799999999, -95.030024 29.686673999999996, -95.031681 29.688169000000002, -95.04058700000002 29.68858399999999, -95.114091 29.711156000000006, -95.124091 29.711719000000013, -95.123815 29.70522800000001)"
freeport,leagueCity,"LINESTRING (-95.359698 28.954035999999974, -95.328408 28.99638900000001, -95.327564 29.02853699999998, -95.35902100000001 29.066294999999997, -95.372066 29.109888000000012, -95.391634 29.132933999999988, -95.395329 29.16841000000001, -95.387824 29.18005800000001, -95.387808 29.195108999999995, -95.394539 29.203426000000007, -95.291553 29.324467, -95.248195 29.39623, -95.233666 29.406812000000013, -95.226704 29.430474999999998, -95.238388 29.44803900000001, -95.208678 29.493328999999992, -95.188461 29.509218000000022, -95.177498 29.494626999999998, -95.157938 29.489050999999986, -95.094971 29.507551999999986)"
leagueCity,pearland,"LINESTRING (-95.094971 29.507551999999986, -95.128577 29.499841000000004, -95.155646 29.489312000000005, -95.170514 29.491559, -95.17834 29.495372000000007, -95.184275 29.505047000000005, -95.188461 29.509218000000022, -95.191307 29.521334000000003, -95.21016100000001 29.536855999999993, -95.232539 29.547644999999974, -95.243641 29.54788400000001, -95.280043 29.56329299999998, -95.286387 29.563976000000004)"
collegeStation,houston,"LINESTRING (-96.34554 30.61834300000001, -96.334747 30.627522999999993, -96.292787 30.593878000000007, -96.103426 30.415067000000008, -96.07434600000002 30.401272999999993, -96.067871 30.376226999999986, -96.0246 30.369485, -95.995289 30.353144000000015, -95.965235 30.355319, -95.927175 30.308679999999995, -95.824685 30.293994999999995, -95.779799 30.250813000000004, -95.743302 30.246873999999988, -95.73598400000002 30.229849000000005, -95.679212 30.18003399999998, -95.629289 30.072458999999995, -95.561211 29.970518000000006, -95.46252 29.898242000000007, -95.429342 29.897978000000016, -95.410127 29.87344199999999, -95.37405400000002 29.810058000000023, -95.36786300000001 29.758731)"
orange,beaumont,"LINESTRING (-93.903742 30.122599999999977, -93.904741 30.121211999999975, -93.90785 30.120615000000004, -93.907351 30.105180000000008, -93.903531 30.104622, -93.883278 30.11380099999998, -93.880549 30.117040999999993, -93.882794 30.13022700000001, -93.907284 30.130971000000006, -93.969028 30.12939, -94.001166 30.135583000000018, -94.00702 30.13553500000001, -94.018948 30.129873999999994, -94.066295 30.098399000000015, -94.074782 30.09552900000001, -94.100431 30.094516000000006, -94.101721 30.092830000000024, -94.101849 30.086125999999997)"
corpusChristi,laredo,"LINESTRING (-97.403232 27.7634, -97.44027 27.786034999999977, -97.634022 27.783285000000003, -97.654411 27.785837, -97.658936 27.798756999999984, -97.766255 27.811462000000017, -97.933626 27.777179000000018, -98.021236 27.780939000000004, -98.064711 27.750917000000005, -98.088948 27.746095, -98.202611 27.755993, -98.402419 27.801681000000002, -98.583859 27.882502000000002, -98.638645 27.882422000000002, -98.747724 27.843598999999998, -98.79900600000002 27.794386999999997, -98.984831 27.714653, -99.160462 27.658484000000016, -99.26311 27.595145999999982, -99.395583 27.560116999999998, -99.430413 27.529971000000028, -99.445669 27.528392, -99.448982 27.51676400000002, -99.503484 27.517101999999994, -99.507451 27.505677000000006)"
pasadena,pearland,"LINESTRING (-95.209285 29.69106700000001, -95.209345 29.69282100000001, -95.2114 29.692655000000027, -95.20911700000002 29.687969999999986, -95.208049 29.675289999999993, -95.207741 29.641842, -95.209294 29.638274999999993, -95.225227 29.627869000000018, -95.285485 29.625499999999995, -95.286387 29.563976000000004)"
laPorte,leagueCity,"LINESTRING (-95.01933 29.665777000000006, -95.029764 29.66528400000001, -95.02987 29.63690399999999, -95.034418 29.623294000000012, -95.032 29.603329000000006, -95.02918 29.59314399999999, -95.029312 29.584246, -95.026146 29.563416000000004, -95.02209400000001 29.544913, -95.018291 29.53807000000001, -95.027473 29.531466, -95.043935 29.52706700000002, -95.07641 29.52300699999998, -95.094971 29.507551999999986)"
sanAngelo,midland,"LINESTRING (-100.440481 31.464924999999997, -100.477763 31.498084000000006, -100.501274 31.54871199999999, -100.624227 31.593465000000013, -100.713458 31.667796999999986, -100.761585 31.684875000000016, -100.842258 31.76414400000001, -100.923647 31.796191999999994, -100.966659 31.83519400000001, -101.01781400000002 31.840836000000003, -101.036768 31.855592, -101.108077 31.857353999999997, -101.150802 31.84878500000002, -101.220018 31.80491299999998, -101.267785 31.801197000000027, -101.306039 31.807079999999985, -101.376729 31.847607999999997, -101.473314 31.865421, -101.62028400000001 31.863908999999996, -102.039231 31.982914000000005, -102.074299 31.973013999999967, -102.033653 31.84458500000001, -102.020271 31.847556000000022, -102.008892 31.832329999999995)"
montBelvieu,channelview,"LINESTRING (-94.890783 29.847938000000003, -94.895436 29.847546999999995, -94.894756 29.83697400000001, -94.89945 29.822182999999995, -94.919002 29.821147999999987, -94.942917 29.811404999999986, -95.009891 29.800338000000004, -95.02590400000001 29.799706999999998, -95.05175 29.790585000000014, -95.056567 29.790760000000006, -95.067298 29.795181000000028, -95.072052 29.79513800000001, -95.106624 29.785421000000028, -95.10539 29.78137200000001, -95.114654 29.776139999999984)"
freeport,brazoria,"LINESTRING (-95.359698 28.954035999999974, -95.373713 28.957954000000033, -95.37076000000002 28.970835999999995, -95.386073 29.000937, -95.403064 29.009556999999987, -95.419234 29.01007, -95.429343 29.01379400000001, -95.439987 29.03016300000001, -95.45381900000001 29.040565000000015, -95.455642 29.054200000000016, -95.451838 29.066207000000013, -95.451111 29.118635000000012, -95.452995 29.17895000000001, -95.450548 29.183825000000002, -95.464302 29.195713000000016, -95.470489 29.19016400000001, -95.484721 29.190482, -95.49952000000002 29.181846000000014)"
pearland,houston,"LINESTRING (-95.286387 29.563976000000004, -95.28554300000002 29.630903999999983, -95.288852 29.63861199999999, -95.29199400000002 29.699487000000005, -95.373008 29.750573000000003, -95.374602 29.75761200000001, -95.372097 29.76359800000001, -95.367184 29.76053799999999, -95.36786300000001 29.758731)"
orange,tyler,"LINESTRING (-93.903742 30.122599999999977, -93.90785 30.120615000000004, -93.907351 30.105180000000008, -93.880549 30.117040999999993, -93.882794 30.13022700000001, -93.969028 30.12939, -94.00565500000002 30.13574099999998, -94.071628 30.096396999999968, -94.132698 30.096170999999984, -94.138639 30.110739, -94.175984 30.14192699999999, -94.193373 30.22258, -94.257423 30.325004, -94.29177 30.350044999999987, -94.312507 30.370215999999996, -94.316285 30.38195200000002, -94.384063 30.445810000000012, -94.3993 30.50512000000001, -94.402135 30.607404999999993, -94.408899 30.616225999999997, -94.386634 30.668920999999983, -94.398247 30.696659999999998, -94.427947 30.730791999999994, -94.430842 30.742408000000015, -94.414943 30.768789999999992, -94.404315 30.764887999999996, -94.404158 30.757716)"
baytown,montBelvieu,"LINESTRING (-94.97759300000001 29.735551000000005, -94.981158 29.740439000000006, -94.977134 29.745384000000012, -94.977096 29.749645, -94.958727 29.751054999999972, -94.942576 29.755219, -94.929791 29.757050000000003, -94.924828 29.760000999999992, -94.921591 29.765390000000007, -94.914898 29.772183000000005, -94.91052700000002 29.79027200000003, -94.904625 29.80062700000002, -94.89492 29.83619399999999, -94.895436 29.847546999999995, -94.890783 29.847938000000003)"
deerPark,leagueCity,"LINESTRING (-95.123815 29.70522800000001, -95.123964 29.711716000000013, -95.153786 29.712389999999996, -95.157938 29.643718999999987, -95.173786 29.627585, -95.204686 29.60604099999999, -95.127356 29.524908000000007, -95.114436 29.503014000000007, -95.094971 29.507551999999986)"
killeen,waco,"LINESTRING (-97.727792 31.117227999999997, -97.68886600000002 31.095563999999996, -97.617174 31.079767999999998, -97.555058 31.05538799999999, -97.510689 31.055366999999997, -97.468322 31.045815000000008, -97.435662 31.060854999999986, -97.407167 31.084183999999986, -97.362988 31.098593000000015, -97.351779 31.121295000000003, -97.333521 31.129633000000002, -97.30054900000002 31.212805000000003, -97.223822 31.335548000000028, -97.205883 31.40124299999998, -97.129361 31.53476699999998, -97.147339 31.54909000000001)"
texasCity,leagueCity,"LINESTRING (-94.917544 29.395026000000016, -94.91620600000002 29.395031000000007, -94.916196 29.393368999999993, -94.92563 29.393285999999996, -94.932259 29.395237999999985, -94.975389 29.395738000000016, -95.006025 29.397990000000032, -95.026724 29.403365, -95.037406 29.40812200000002, -95.06927300000001 29.439493999999993, -95.080171 29.452912, -95.095299 29.471970000000002, -95.113512 29.50284300000001, -95.094971 29.507551999999986)"
vanHorn,midland,"LINESTRING (-104.831587 31.04297499999998, -104.41399 31.073448999999993, -104.158797 31.060480000000005, -104.06125600000001 31.084750000000003, -103.854142 31.26924600000001, -103.741872 31.339578999999993, -103.55618000000001 31.406314, -103.4978 31.395753000000006, -103.39817100000002 31.419484000000033, -103.331085 31.47412100000001, -102.87652 31.57925, -102.609902 31.730677000000018, -102.425407 31.81680499999999, -102.343584 31.83098699999999, -102.116586 31.962069000000003, -102.073768 31.971726000000032, -102.033653 31.84458500000001, -102.008892 31.832329999999995)"
baytown,laPorte,"LINESTRING (-94.97759300000001 29.735551000000005, -94.978437 29.734915000000015, -94.978189 29.733648000000006, -94.979079 29.732608999999993, -94.978397 29.726574, -94.979524 29.720211000000003, -94.985916 29.72159699999999, -94.992093 29.723890000000022, -94.99481 29.720002999999995, -95.000666 29.714121000000013, -95.012107 29.70752400000002, -95.026718 29.695766000000006, -95.02954000000001 29.69249300000001, -95.030567 29.68883499999998, -95.029528 29.671636999999997, -95.029764 29.66528400000001, -95.01933 29.665777000000006)"
pasadena,deerPark,"LINESTRING (-95.209285 29.69106700000001, -95.209548 29.711119000000007, -95.195693 29.712125000000004, -95.19252 29.712710000000005, -95.18956 29.712865000000022, -95.149037 29.711799, -95.133732 29.711037, -95.12408 29.711127000000012, -95.123929 29.705046, -95.123815 29.70522800000001)"
odessa,vanHorn,"LINESTRING (-102.367677 31.845699999999972, -102.514364 31.768725999999976, -102.610352 31.730679999999996, -102.799636 31.62019299999998, -102.84427400000001 31.607200000000002, -102.87694200000001 31.579295999999992, -102.944747 31.57533800000001, -103.327759 31.475238000000008, -103.398096 31.419714000000006, -103.49842 31.39589000000001, -103.556289 31.406481000000017, -103.741816 31.339833, -103.854305 31.269380999999996, -104.070459 31.083911, -104.100514 31.084426, -104.159029 31.060793999999998, -104.413745 31.073787000000006, -104.739504 31.042878999999992, -104.831587 31.04297499999998)"
channelview,laPorte,"LINESTRING (-95.114654 29.776139999999984, -95.114443 29.777, -95.115965 29.777057999999982, -95.116042 29.780794000000007, -95.109065 29.784022999999998, -95.0917 29.789865999999996, -95.067976 29.795142, -95.056849 29.790674000000003, -95.048791 29.789909999999992, -95.022268 29.778816000000013, -95.002819 29.75990699999998, -94.99041900000002 29.752617999999995, -94.987202 29.74676100000001, -94.994482 29.735076999999993, -94.991563 29.726223000000005, -94.992443 29.722400000000007, -94.998983 29.715307000000003, -95.012107 29.70752400000002, -95.026718 29.695766000000006, -95.030215 29.690737000000016, -95.029764 29.66528400000001, -95.01933 29.665777000000006)"
brownsville,laredo,"LINESTRING (-97.498138 25.902401000000015, -97.490947 25.927501000000007, -97.534532 26.031371999999994, -97.60253 26.1082, -97.718131 26.188504999999992, -97.935287 26.151366999999997, -98.184141 26.207147000000013, -98.217581 26.187836000000008, -98.332285 26.201892000000015, -98.364291 26.232045000000006, -98.481142 26.266590999999988, -98.529282 26.257346999999992, -98.806007 26.378443999999995, -98.874531 26.37288700000002, -98.941539 26.407193999999997, -99.01367700000002 26.403205999999997, -99.029888 26.459796999999995, -99.088431 26.52633400000002, -99.127786 26.791129, -99.2522 26.864631999999993, -99.306194 26.943143999999993, -99.33995800000001 26.951433, -99.436528 27.040051, -99.422078 27.275571000000003, -99.480031 27.40628700000001, -99.480377 27.506589, -99.507451 27.505677000000006)"
sonora,midland,"LINESTRING (-100.643031 30.566985999999986, -100.657449 30.583683, -100.748472 30.616619, -100.835021 30.620815999999987, -100.952245 30.662075000000005, -101.125311 30.702953000000008, -101.1637 30.710718000000007, -101.2015 30.706205999999995, -101.195155 30.749633999999986, -101.26797 30.785514999999975, -101.414419 30.908832999999984, -101.4607 30.917166999999985, -101.467378 31.191704000000016, -101.661466 31.23158899999997, -101.898684 31.237401000000006, -101.933078 31.226050999999988, -101.944415 31.248406, -101.935893 31.484376000000015, -102.025909 31.763394000000027, -102.033653 31.84458500000001, -102.020271 31.847556000000022, -102.008892 31.832329999999995)"
abilene,dallas,"LINESTRING (-99.747886 32.44645199999999, -99.2143 32.37015399999999, -98.834201 32.375488000000004, -98.621867 32.47563300000001, -98.372783 32.513229, -98.228545 32.568517000000014, -98.17028000000002 32.57318299999998, -97.997589 32.687757, -97.885123 32.726198999999994, -97.798233 32.72715699999999, -97.70003 32.755053, -97.524273 32.720491999999986, -97.240176 32.76046899999999, -96.796749 32.775945)"
killeen,dallas,"LINESTRING (-97.727792 31.117227999999997, -97.555058 31.05538799999999, -97.468061 31.045811000000004, -97.333521 31.129633000000002, -97.095782 31.626982000000005, -97.102669 31.791805, -97.081265 31.877232999999997, -97.119237 31.967372000000005, -97.092941 32.054636, -96.93771200000002 32.14477599999999, -96.876355 32.24309, -96.85443 32.34845899999999, -96.872207 32.412110999999996, -96.822087 32.50098499999998, -96.829718 32.71218099999999, -96.796749 32.775945)"
lubbock,abilene,"LINESTRING (-101.847022 33.58554399999998, -101.855218 33.585470000000015, -101.855383 33.549768000000014, -101.846037 33.538728000000006, -101.776954 33.518981999999994, -101.672112 33.46095399999999, -101.66226300000001 33.43137100000001, -101.556659 33.359562999999994, -101.436311 33.219423000000006, -101.37601600000002 33.19809, -101.369723 33.17768000000001, -101.247175 33.09243, -101.162889 33.00286199999999, -101.10421 32.978001, -101.059332 32.917074, -101.051878 32.88079700000002, -100.986926 32.83278899999996, -100.921141 32.74137000000001, -100.883313 32.72021299999999, -100.857144 32.68945900000001, -100.811964 32.67797099999999, -100.779606 32.654880000000006, -100.720081 32.574284000000006, -100.610679 32.47513299999999, -100.508195 32.4457, -100.465153 32.45353000000001, -100.412266 32.447499, -100.391921 32.452051999999995, -100.365053 32.481107000000016, -100.307651 32.493767, -100.200038 32.48497800000002, -100.126324 32.495773999999976, -100.106317 32.48553100000001, -100.002903 32.47633, -99.926842 32.459186999999986, -99.747886 32.44645199999999)"
midland,abilene,"LINESTRING (-102.008892 31.832329999999995, -102.020271 31.847556000000022, -102.033653 31.84458500000001, -102.073768 31.971726000000032, -102.037336 31.983385999999975, -101.97645 32.04811699999999, -101.832297 32.11373699999999, -101.808782 32.137319, -101.759943 32.14031, -101.645509 32.181444000000035, -101.572706 32.22186399999999, -101.527204 32.23273200000001, -101.50221500000002 32.26087200000001, -101.385304 32.26889500000002, -101.223388 32.307573000000005, -101.200744 32.325022000000004, -101.01144100000002 32.35385900000002, -100.959599 32.38618499999999, -100.907103 32.39289699999998, -100.857304 32.41250200000002, -100.81837 32.397163000000006, -100.717112 32.415203000000005, -100.682622 32.40663199999999, -100.46663 32.453417000000016, -100.398787 32.449949, -100.365521 32.480885000000015, -100.306864 32.49387500000002, -100.200038 32.48497800000002, -100.125908 32.495747000000016, -100.106317 32.48553100000001, -100.002903 32.47633, -99.926842 32.459186999999986, -99.747886 32.44645199999999)"
baytown,sanJacinto,"LINESTRING (-94.97759300000001 29.735551000000005, -95.021393 29.778380000000006, -95.067298 29.795181000000028, -95.15414000000001 29.772528999999967, -95.165374 29.81858400000001, -95.202787 29.89032700000002, -95.201572 29.928146000000005, -95.29394 29.941825000000012, -95.225816 30.139103000000006, -95.112058 30.303529000000008, -95.089409 30.352280000000004, -95.116388 30.42535600000002, -95.151493 30.428629, -95.185225 30.464375999999984, -95.19257100000002 30.509218000000004)"
sonora,sanAntonio,"LINESTRING (-100.643031 30.566985999999986, -100.636217 30.559757999999984, -100.579 30.57153699999999, -100.52205300000001 30.563027000000005, -100.27319900000002 30.455975000000002, -100.210509 30.443250000000017, -100.013555 30.496375000000015, -99.930747 30.499784000000002, -99.898923 30.518749000000014, -99.852491 30.527758, -99.77894 30.51058099999998, -99.740802 30.48712700000001, -99.709973 30.435397999999985, -99.658199 30.405084000000006, -99.624573 30.396880000000028, -99.569511 30.318100000000015, -99.543631 30.299144000000005, -99.379999 30.204005000000013, -99.243796 30.164497999999995, -99.224913 30.128578999999995, -99.135618 30.074124999999988, -99.05698 30.067513, -99.035344 30.05380900000002, -99.010736 30.052161000000016, -98.896893 29.976541000000005, -98.884498 29.952645000000008, -98.825872 29.910935000000006, -98.791015 29.86721499999998, -98.755887 29.820717999999992, -98.749064 29.788481999999988, -98.664292 29.717549999999985, -98.613783 29.634903000000026, -98.584856 29.549363, -98.557035 29.525681000000002, -98.544744 29.487793000000032, -98.517176 29.473964999999996, -98.514733 29.44288999999999, -98.495383 29.424529999999994)"
centerville,waco,"LINESTRING (-95.97871 31.257822999999995, -95.987532 31.25984199999999, -95.987272 31.272614, -95.998112 31.294890999999996, -96.020977 31.378471999999995, -96.047066 31.418803999999977, -96.08331500000001 31.459397000000003, -96.085112 31.468109000000013, -96.147293 31.473879000000004, -96.15917600000002 31.471065999999993, -96.21492 31.481253, -96.22822 31.476475000000015, -96.321854 31.506905, -96.523411 31.51556599999996, -96.544023 31.524982999999995, -96.809694 31.552736999999972, -96.847587 31.536395000000006, -96.955653 31.516718999999995, -97.009515 31.524195999999982, -97.022455 31.533095000000003, -97.092327 31.554030000000004, -97.101192 31.560895999999996, -97.104925 31.54708299999999, -97.124412 31.530299999999993, -97.147339 31.54909000000001)"
theWoodlands,centerville,"LINESTRING (-95.504517 30.17364699999998, -95.482052 30.189921000000012, -95.481911 30.204182999999972, -95.45578 30.207294999999995, -95.456553 30.275840000000006, -95.483783 30.350972999999975, -95.495197 30.436335000000014, -95.490915 30.519439000000006, -95.511189 30.660941, -95.582898 30.73240700000001, -95.676492 30.794044000000003, -95.789441 30.90907199999998, -95.875378 30.958628000000008, -95.90018000000002 30.98369000000001, -95.943806 31.04303600000003, -95.975773 31.123205000000006, -95.996705 31.211566, -95.987848 31.25602100000001, -95.97871 31.257822999999995)"
waco,dallas,"LINESTRING (-97.147339 31.54909000000001, -97.10913 31.584787000000013, -97.095472 31.629062000000012, -97.102669 31.791805, -97.081265 31.877232999999997, -97.11901 31.96884499999999, -97.095697 32.00415200000002, -97.091649 32.056627000000006, -96.93771200000002 32.14477599999999, -96.910499 32.17432099999999, -96.876698 32.242174000000006, -96.85443 32.34845899999999, -96.872207 32.412110999999996, -96.822087 32.50098499999998, -96.829718 32.71218099999999, -96.796749 32.775945)"
portArthur,beaumont,"LINESTRING (-93.933259 29.871626999999997, -93.927461 29.879522999999995, -93.934501 29.885599999999997, -93.932853 29.894483999999995, -93.928755 29.89887999999999, -94.017496 29.96464199999999, -94.027805 29.978474999999985, -94.056896 30.031819000000006, -94.062774 30.033775000000013, -94.110679 30.083917000000003, -94.110819 30.085980999999997, -94.101849 30.086125999999997)"
fortWorth,wichitaFalls,"LINESTRING (-97.332623 32.75299599999999, -97.318272 32.767103999999996, -97.31774 32.88739399999998, -97.419683 32.969644999999964, -97.443298 33.02357900000001, -97.478285 33.051322000000006, -97.471384 33.101288999999994, -97.500301 33.14479700000001, -97.586737 33.21704700000001, -97.680134 33.343636000000004, -97.70281600000001 33.35395800000002, -97.710249 33.379070000000006, -97.773669 33.44957799999999, -97.828337 33.53199799999998, -97.90557 33.584298000000004, -98.03997000000001 33.64912200000003, -98.087788 33.69645499999999, -98.131168 33.767606, -98.214947 33.80711500000001, -98.2225 33.820032, -98.343341 33.86783900000001, -98.47784500000002 33.88639999999999, -98.501791 33.90045599999999)"
chocolateBay,brazoria,"LINESTRING (-96.621653 28.584268999999992, -96.622571 28.595344, -96.631456 28.606553999999992, -96.621827 28.613984999999996, -96.626496 28.620809000000012, -96.621552 28.632467000000005, -96.575528 28.666472000000006, -96.44014 28.73133800000001, -96.392446 28.73968899999999, -96.366402 28.72685900000001, -96.345469 28.762386999999997, -96.284981 28.818776000000003, -96.252222 28.868349000000002, -96.209244 28.870884999999994, -96.19202 28.882741999999986, -96.147296 28.896981000000004, -96.013172 28.984432, -95.939911 28.983047999999997, -95.90455 29.004255000000008, -95.839153 29.063413999999995, -95.772458 29.07268, -95.758912 29.08175100000002, -95.733007 29.08452500000001, -95.691344 29.097477, -95.647997 29.144588000000006, -95.610247 29.145633999999987, -95.59448800000001 29.13995399999999, -95.508649 29.149605000000008, -95.508003 29.168540999999998, -95.49952000000002 29.181846000000014)"
brazoria,sugarLand,"LINESTRING (-95.49952000000002 29.181846000000014, -95.484721 29.190482, -95.471623 29.18981800000001, -95.461733 29.197293999999996, -95.449189 29.197323000000008, -95.452804 29.25472100000003, -95.424863 29.305469, -95.426765 29.44440600000002, -95.400252 29.482322, -95.436832 29.49480199999999, -95.505845 29.530606, -95.544731 29.54081600000001, -95.572476 29.573527000000002, -95.594038 29.58819100000001, -95.634672 29.603345000000004, -95.634985 29.619828999999996)"
theWoodlands,houston,"LINESTRING (-95.504517 30.17364699999998, -95.503566 30.164579000000007, -95.486886 30.155213999999994, -95.44926 30.154366999999997, -95.43589 30.108086, -95.437229 30.08113300000002, -95.427856 30.009828000000017, -95.412147 29.93429600000001, -95.411901 29.876857000000015, -95.37405400000002 29.810058000000023, -95.365773 29.769759, -95.372114 29.761940000000006, -95.36786300000001 29.758731)"
collegeStation,waco,"LINESTRING (-96.34554 30.61834300000001, -96.36310700000001 30.603406000000007, -96.372915 30.611451, -96.378773 30.636223999999995, -96.428978 30.689960999999986, -96.424585 30.72830799999999, -96.48182 30.76443399999999, -96.536891 30.83085299999999, -96.57933400000002 30.860421000000006, -96.603193 30.900085000000022, -96.701282 31.008148000000023, -96.71452 31.126497000000015, -96.789895 31.220958000000007, -96.85507 31.252657000000006, -96.874091 31.277028000000005, -96.874672 31.311589000000016, -96.915302 31.407323999999985, -96.93122000000001 31.494182999999975, -96.95950900000001 31.51705999999999, -97.009515 31.524195999999982, -97.101192 31.560895999999996, -97.124412 31.530299999999993, -97.147339 31.54909000000001)"
sanJacinto,centerville,"LINESTRING (-95.19257100000002 30.509218000000004, -95.19803300000001 30.513507999999995, -95.204414 30.511037000000016, -95.20628 30.522521999999995, -95.217979 30.52523799999999, -95.235021 30.54266300000001, -95.238821 30.56112799999999, -95.297328 30.543036999999988, -95.333552 30.524108000000002, -95.386013 30.523048000000003, -95.456085 30.535493, -95.468914 30.531517, -95.495577 30.546271, -95.502147 30.566349, -95.510521 30.65866500000001, -95.51992 30.676047000000004, -95.55167 30.69323300000001, -95.583556 30.732906000000007, -95.676492 30.794044000000003, -95.716874 30.835551, -95.748693 30.859409999999997, -95.789441 30.90907199999998, -95.877528 30.960284000000023, -95.943193 31.041982000000015, -95.975773 31.123205000000006, -95.996644 31.21005400000001, -95.987848 31.25602100000001, -95.97871 31.257822999999995)"
baytown,channelview,"LINESTRING (-94.97759300000001 29.735551000000005, -94.977936 29.736756000000003, -94.984218 29.743824999999987, -94.990949 29.753585000000008, -95.003088 29.76044999999999, -95.021393 29.778380000000006, -95.044395 29.788268999999985, -95.050017 29.791335999999983, -95.056858 29.79085099999998, -95.06701300000002 29.79509999999998, -95.072052 29.79513800000001, -95.0824 29.791537999999985, -95.094457 29.789423999999993, -95.106624 29.785421000000028, -95.10660900000002 29.783041999999984, -95.10539 29.78137200000001, -95.114654 29.776139999999984)"
centerville,dallas,"LINESTRING (-95.97871 31.257822999999995, -96.021911 31.380308000000017, -96.14892 31.582603999999993, -96.182718 31.73244299999999, -96.309454 31.859575999999986, -96.424504 31.93266699999999, -96.45217700000002 32.061459000000006, -96.439102 32.08969499999998, -96.474109 32.200212000000015, -96.510423 32.269392, -96.598059 32.31179899999998, -96.646595 32.37725299999999, -96.664683 32.561316999999995, -96.747016 32.685615999999996, -96.77902 32.77581900000002, -96.796749 32.775945)"
sanAngelo,sonora,"LINESTRING (-100.440481 31.464924999999997, -100.433681 31.356576, -100.511358 31.172370999999995, -100.51231200000001 31.059469999999987, -100.573732 30.986089000000014, -100.585321 30.879994000000003, -100.621622 30.837495000000008, -100.62165 30.75404699999998, -100.646863 30.67154300000002, -100.63636 30.615254000000014, -100.65198 30.575202999999995, -100.643031 30.566985999999986)"
sanAngelo,abilene,"LINESTRING (-100.440481 31.464924999999997, -100.429196 31.475275, -100.388932 31.47900299999999, -100.369481 31.499719000000002, -100.368484 31.575791, -100.285593 31.738744999999998, -100.292538 31.881457000000005, -100.277107 31.938759, -100.275409 32.016629, -100.20827 32.070572, -100.126983 32.09718400000001, -100.086708 32.18166000000001, -100.04805 32.22053500000001, -99.922729 32.285736000000014, -99.89039100000001 32.338913000000005, -99.782039 32.430638, -99.747948 32.432162000000005, -99.747886 32.44645199999999)"
elPaso,vanHorn,"LINESTRING (-106.488236 31.755057, -106.463518 31.77774800000001, -106.401815 31.782139000000004, -106.325534 31.740192999999998, -106.245405 31.666584, -106.120807 31.506190000000004, -105.92496800000002 31.38135999999999, -105.87917500000002 31.329219000000002, -105.79947 31.27740399999999, -105.785698 31.235677000000017, -105.709641 31.17795900000001, -105.658359 31.171079000000013, -105.591474 31.196919000000005, -105.531349 31.193002000000014, -105.484449 31.217500000000012, -105.452663 31.198470000000004, -105.052396 31.089121, -104.90131600000001 31.03873599999998, -104.833297 31.036195000000003, -104.831587 31.04297499999998)"
sugarLand,houston,"LINESTRING (-95.634985 29.619828999999996, -95.603028 29.626206000000014, -95.602905 29.623269000000022, -95.60124600000002 29.621198, -95.53553 29.681666000000007, -95.52741 29.691583000000005, -95.4897 29.724728000000013, -95.46785700000001 29.726071, -95.456093 29.729884999999978, -95.440329 29.728742999999994, -95.388036 29.732038999999997, -95.382511 29.737898000000015, -95.381626 29.740675, -95.366923 29.759265, -95.367789 29.759790999999993, -95.36786300000001 29.758731)"
laPorte,texasCity,"LINESTRING (-95.01933 29.665777000000006, -95.029764 29.66528400000001, -95.02987 29.63690399999999, -95.03442 29.623814000000028, -95.022704 29.545573999999974, -94.975731 29.467115999999994, -94.95159 29.395258999999992, -94.916194 29.393238000000007, -94.917544 29.395026000000016)"
odessa,amarillo,"LINESTRING (-102.367677 31.845699999999972, -102.30900300000002 31.87465500000001, -102.25021600000001 32.022586999999994, -102.096321 32.096509, -102.172415 32.329272, -101.926992 32.707264, -101.951296 32.750062000000014, -101.806676 33.007162999999984, -101.853573 34.04508499999999, -101.749942 34.12942099999998, -101.70835900000002 34.23809599999999, -101.847196 34.721329000000004, -101.848739 34.943046999999986, -101.918662 35.02407700000003, -101.908786 35.11801300000002, -101.833821 35.207234)"
texarkana,tyler,"LINESTRING (-94.077288 33.44683500000002, -94.150898 33.334675, -94.15196600000002 33.15402399999998, -94.184077 33.11123000000001, -94.363068 33.00081900000002, -94.366731 32.79954800000002, -94.336173 32.615468000000014, -94.359585 32.486312000000005, -94.342103 32.417533999999996, -94.35437800000001 32.244657, -94.32832 32.112694999999974, -94.231976 31.970839000000005, -94.126172 31.482980000000037, -94.015547 31.347900000000013, -93.994089 31.29268799999998, -93.971774 31.175537999999996, -93.990595 31.134374, -93.978344 31.029104000000004, -94.001072 30.908721, -94.154987 30.853298000000002, -94.314422 30.829802000000008, -94.407134 30.77636799999999, -94.404158 30.757716)"
lubbock,amarillo,"LINESTRING (-101.847022 33.58554399999998, -101.853389 34.04647700000002, -101.749942 34.12942099999998, -101.74938600000002 34.196803000000024, -101.70835900000002 34.23809599999999, -101.776408 34.38346400000002, -101.793432 34.57990400000001, -101.847196 34.721329000000004, -101.848739 34.943046999999986, -101.918662 35.02407700000003, -101.908786 35.11801300000002, -101.841333 35.178276999999994, -101.833821 35.207234)"
portArthur,montBelvieu,"LINESTRING (-93.933259 29.871626999999997, -93.937921 29.868337999999994, -93.949561 29.876584000000005, -93.96313 29.866490999999986, -93.988365 29.883726999999997, -94.040047 29.888922999999995, -94.085063 29.85944899999999, -94.240333 29.826175000000006, -94.440329 29.827143999999993, -94.680179 29.840749000000006, -94.75642000000002 29.838750000000008, -94.803409 29.830432999999996, -94.820686 29.865682000000007, -94.841961 29.868033000000022, -94.890783 29.847938000000003)"
sanJacinto,houston,"LINESTRING (-95.19257100000002 30.509218000000004, -95.189517 30.494349000000007, -95.183374 30.490216999999998, -95.194684 30.48315999999998, -95.185225 30.464375999999984, -95.172211 30.444983000000004, -95.151493 30.428629, -95.137882 30.422733999999974, -95.116388 30.42535600000002, -95.090187 30.35306500000003, -95.11224700000001 30.30355800000001, -95.160668 30.240786000000007, -95.226004 30.139266999999993, -95.258772 30.027044999999998, -95.312401 29.901154999999978, -95.333031 29.864986999999992, -95.340807 29.771426999999985, -95.365633 29.769328999999992, -95.372114 29.761940000000006, -95.36786300000001 29.758731)"
killeen,austin,"LINESTRING (-97.727792 31.117227999999997, -97.742943 31.120759999999994, -97.765493 31.061619000000004, -97.752258 31.00891299999999, -97.786226 30.955452, -97.80184 30.885198, -97.757944 30.77183200000001, -97.66804 30.72171100000003, -97.653442 30.700659000000016, -97.69194100000001 30.630837, -97.691971 30.533728999999997, -97.666321 30.45461, -97.671875 30.39134999999999, -97.734343 30.267745000000016, -97.743783 30.270907999999977)"
laredo,sanAntonio,"LINESTRING (-99.507451 27.505677000000006, -99.485729 27.645511999999986, -99.421901 27.79038099999998, -99.183178 28.675782000000012, -99.139587 28.746562999999977, -99.106728 28.859889000000024, -99.11598 28.894834000000003, -99.049757 29.027820999999985, -98.904475 29.121856999999984, -98.775448 29.24064900000001, -98.529658 29.352792000000004, -98.495383 29.424529999999994)"
collegeStation,killeen,"LINESTRING (-96.34554 30.61834300000001, -96.381754 30.59122899999999, -96.401806 30.60021199999997, -96.467878 30.649959000000017, -96.534391 30.638646999999988, -96.542574 30.63412799999999, -96.552486 30.613913999999998, -96.615571 30.59437700000001, -96.65965600000001 30.570470000000014, -96.69410500000001 30.537693000000015, -96.717863 30.551122999999997, -96.817349 30.654616000000004, -96.82311300000002 30.67248100000001, -96.852274 30.714184999999993, -96.872483 30.707503000000003, -96.890756 30.724017000000018, -96.90848 30.75523099999999, -96.919788 30.80289600000002, -96.959174 30.845369000000012, -96.990307 30.856906999999996, -97.023251 30.848270999999997, -97.075588 30.848911999999995, -97.106005 30.856754000000002, -97.126076 30.873807999999993, -97.14557600000002 30.879979000000006, -97.185849 30.912285999999998, -97.22068 30.927092000000005, -97.251945 30.950215999999998, -97.292953 31.00549099999999, -97.31376400000002 31.025246000000003, -97.416377 31.041658, -97.441437 31.049045999999983, -97.446777 31.057177000000017, -97.468551 31.046425000000003, -97.511458 31.05572, -97.554615 31.05556200000001, -97.61703600000001 31.080017999999995, -97.68886600000002 31.095563999999996, -97.727792 31.117227999999997)"
beaumont,tyler,"LINESTRING (-94.101849 30.086125999999997, -94.100429 30.095264000000004, -94.13479 30.09698100000002, -94.138639 30.110739, -94.177325 30.14371999999999, -94.193373 30.22258, -94.25776200000001 30.325476999999992, -94.29177 30.350044999999987, -94.312507 30.370215999999996, -94.316285 30.38195200000002, -94.383743 30.44509699999998, -94.3993 30.50512000000001, -94.402135 30.607404999999993, -94.408899 30.616225999999997, -94.386634 30.668920999999983, -94.398247 30.696659999999998, -94.427947 30.730791999999994, -94.430842 30.742408000000015, -94.414943 30.768789999999992, -94.404315 30.764887999999996, -94.404158 30.757716)"
amarillo,midland,"LINESTRING (-101.833821 35.207234, -101.909065 35.11805999999997, -101.918975 35.024045, -101.849058 34.942867000000014, -101.84751 34.721275, -101.708676 34.23960700000001, -101.750388 34.12930300000001, -101.853809 34.045395000000006, -101.806987 33.006524000000006, -101.95123100000002 32.750225999999984, -101.926992 32.707264, -102.172747 32.32748800000002, -102.008892 31.832329999999995)"
theWoodlands,sugarLand,"LINESTRING (-95.504517 30.17364699999998, -95.50962100000001 30.164334999999998, -95.50472 30.143925, -95.506821 30.09493299999997, -95.555645 30.076319000000012, -95.582004 30.05196600000002, -95.613814 30.050076000000004, -95.562799 29.972387000000005, -95.543247 29.956375000000005, -95.547234 29.951811999999997, -95.544624 29.930286000000002, -95.556134 29.921194000000018, -95.549045 29.879175999999998, -95.563958 29.867120999999997, -95.55909700000001 29.660915000000006, -95.601495 29.62223800000002, -95.60285100000002 29.626466999999987, -95.634985 29.619828999999996)"
pasadena,leagueCity,"LINESTRING (-95.209285 29.69106700000001, -95.209345 29.69282100000001, -95.2114 29.692655000000027, -95.20911700000002 29.687969999999986, -95.208058 29.67544000000001, -95.207741 29.641842, -95.208619 29.639067000000015, -95.211097 29.637032, -95.101861 29.52029400000002, -95.10034 29.513251999999998, -95.094971 29.507551999999986)"
sonora,abilene,"LINESTRING (-100.643031 30.566985999999986, -100.621811 30.836557999999993, -100.585321 30.879994000000003, -100.574218 30.984938000000003, -100.51231200000001 31.059469999999987, -100.511358 31.172370999999995, -100.442753 31.319553000000013, -100.433233 31.390602, -100.37374 31.386609000000007, -100.386225 31.47752199999998, -100.368806 31.57463000000001, -100.285489 31.739188999999996, -100.276567 32.01478000000001, -100.20827 32.070572, -100.126983 32.09718400000001, -100.04805 32.22053500000001, -99.922729 32.285736000000014, -99.89039100000001 32.338913000000005, -99.747886 32.44645199999999)"
centerville,texarkana,"LINESTRING (-95.97871 31.257822999999995, -96.020977 31.378471999999995, -96.075187 31.452064000000004, -95.846569 31.586297999999992, -95.806418 31.64326700000001, -95.76365 31.654583999999993, -95.654268 31.745800000000006, -95.65600800000001 31.771443000000016, -95.624117 31.779998, -95.547005 31.898280999999997, -95.47942 32.139770999999996, -95.336252 32.30581699999999, -95.266838 32.31451299999998, -95.269025 32.396207, -95.187046 32.451291999999995, -95.151258 32.5568, -94.944948 32.711703000000014, -94.870447 32.81169500000001, -94.55405500000002 32.89375999999999, -94.183398 33.111077999999985, -94.151162 33.15614, -94.150273 33.33597100000001, -94.077288 33.44683500000002)"
fortWorth,abilene,"LINESTRING (-97.332623 32.75299599999999, -97.364085 32.733085, -97.481375 32.73832899999999, -97.52502000000001 32.72071400000001, -97.570562 32.72144200000002, -97.69948 32.75524199999998, -97.798641 32.727293, -97.88737 32.72586600000001, -98.000189 32.687129999999996, -98.075739 32.62854199999999, -98.170191 32.57349899999999, -98.228634 32.56876900000002, -98.373081 32.513422000000006, -98.533033 32.497975999999994, -98.622106 32.47574299999999, -98.643207 32.45892800000001, -98.834261 32.375688000000004, -99.144677 32.37994300000001, -99.214067 32.37034800000001, -99.68832 32.447039, -99.747886 32.44645199999999)"
wichitaFalls,dallas,"LINESTRING (-98.501791 33.90045599999999, -98.478704 33.884613000000016, -98.43365 33.885233, -98.343873 33.867798999999984, -98.222845 33.819966999999984, -98.21526200000001 33.806922999999976, -98.13051600000001 33.766208, -98.087911 33.696259000000005, -98.040236 33.649046999999996, -97.904732 33.58316899999998, -97.829615 33.532774, -97.774596 33.45029400000001, -97.70997 33.37744799999999, -97.703401 33.35418000000001, -97.68014 33.34321800000001, -97.586769 33.216680999999994, -97.50023000000002 33.14428100000001, -97.471777 33.101881, -97.475778 33.04803400000001, -97.438594 33.036836000000015, -97.325547 33.03499600000001, -97.224189 33.01352400000001, -97.21585800000001 33.000157, -97.171787 32.986167000000016, -97.15468800000001 32.962860999999975, -97.102851 32.94101600000001, -97.0871 32.92424599999998, -97.032746 32.929632, -96.9509 32.88360299999999, -96.903114 32.83609399999999, -96.821418 32.79989400000002, -96.796749 32.775945)"
austin,sanAntonio,"LINESTRING (-97.743783 30.270907999999977, -97.734686 30.266826999999985, -97.735327 30.243862000000018, -97.78803700000002 30.163954000000018, -97.870116 29.996549000000023, -97.879418 29.949378999999983, -97.905124 29.900946999999988, -98.021249 29.795620999999997, -98.095939 29.698420000000002, -98.1436 29.682108000000014, -98.387028 29.535482999999996, -98.414543 29.454798000000007, -98.444062 29.439668999999977, -98.486301 29.44017500000001, -98.495383 29.424529999999994)"
brownsville,corpusChristi,"LINESTRING (-97.498138 25.902401000000015, -97.490947 25.927501000000007, -97.534191 26.03089700000001, -97.60253 26.1082, -97.71460200000001 26.18239700000002, -97.722232 26.238383000000013, -97.783767 26.33461799999998, -97.766479 26.604908000000012, -97.79514300000001 26.980133000000006, -97.788699 27.224476000000006, -97.85835200000001 27.44878700000002, -97.839583 27.531813, -97.782595 27.592755999999994, -97.72166500000002 27.57587799999998, -97.453901 27.586528999999995, -97.454692 27.688672000000015, -97.41676 27.768607, -97.403232 27.7634)"
leagueCity,brazoria,"LINESTRING (-95.094971 29.507551999999986, -95.128577 29.499841000000004, -95.157473 29.489078000000017, -95.177498 29.494626999999998, -95.188461 29.509218000000022, -95.202127 29.499446999999993, -95.218368 29.482954000000007, -95.22205 29.472070000000016, -95.238855 29.447553, -95.227576 29.431139999999992, -95.228684 29.41833399999999, -95.233969 29.407562000000013, -95.247428 29.39856600000002, -95.291553 29.324467, -95.343273 29.268460999999988, -95.394539 29.203426000000007, -95.401383 29.205090000000016, -95.430868 29.204186000000004, -95.442432 29.197314000000006, -95.461733 29.197293999999996, -95.471238 29.18991100000001, -95.484721 29.190482, -95.49952000000002 29.181846000000014)"
chocolateBay,corpusChristi,"LINESTRING (-96.621653 28.584268999999992, -96.647547 28.610395000000008, -96.885115 28.46425599999999, -96.952369 28.281675, -96.98502400000001 28.231350000000006, -97.004368 28.143605999999973, -97.037008 28.090235000000007, -97.041183 28.061767000000014, -97.063099 28.063703999999994, -97.158536 27.92481600000002, -97.265921 27.927323000000005, -97.297574 27.913305000000026, -97.318275 27.881781000000004, -97.38477900000001 27.832895000000022, -97.403232 27.7634)"
waco,austin,"LINESTRING (-97.147339 31.54909000000001, -97.132817 31.527369999999994, -97.205309 31.402870999999998, -97.223755 31.336120000000022, -97.301141 31.212047999999985, -97.333671 31.129760999999995, -97.35179 31.121685000000014, -97.364852 31.09770599999999, -97.407361 31.08427700000001, -97.466648 31.046601, -97.499902 30.990391999999993, -97.535993 30.95544800000001, -97.546075 30.919341999999986, -97.577703 30.881872000000012, -97.611484 30.814586000000002, -97.659716 30.682270999999993, -97.69181800000001 30.631966, -97.691971 30.533728999999997, -97.666321 30.45461, -97.673867 30.382761000000006, -97.734343 30.267745000000016, -97.743783 30.270907999999977)"
corpusChristi,sanAntonio,"LINESTRING (-97.403232 27.7634, -97.410584 27.798009000000018, -97.49074700000001 27.806457000000016, -97.621281 27.86337099999999, -97.674383 27.977871999999998, -97.807565 28.08789999999998, -97.922431 28.25644099999999, -98.026909 28.338012000000003, -98.118709 28.470243000000004, -98.18609 28.52586100000001, -98.300182 28.763987000000007, -98.434154 28.911063000000006, -98.427082 29.174969000000008, -98.394903 29.298663, -98.495383 29.424529999999994)"
sanJacinto,tyler,"LINESTRING (-95.19257100000002 30.509218000000004, -95.189517 30.494349000000007, -95.183374 30.490216999999998, -95.180779 30.493906000000006, -95.164371 30.491246000000004, -95.149122 30.494919000000003, -95.142019 30.500680000000017, -95.139041 30.49179300000001, -95.095466 30.489434, -95.034501 30.490441999999998, -95.022609 30.498678999999985, -94.99665900000001 30.497746999999997, -94.945689 30.57765300000001, -94.942231 30.606712999999996, -94.950833 30.67804999999998, -94.947972 30.688633000000003, -94.932685 30.701462999999993, -94.932996 30.711000000000002, -94.878863 30.710773, -94.848504 30.702623000000013, -94.754792 30.698309000000016, -94.73272 30.712116999999985, -94.704547 30.719197000000005, -94.655566 30.718127999999993, -94.63884800000001 30.72540400000001, -94.621331 30.745693000000013, -94.610101 30.75098500000001, -94.543118 30.752236999999997, -94.429511 30.77524600000002, -94.414908 30.775357999999997, -94.414943 30.768789999999992, -94.404315 30.764887999999996, -94.404158 30.757716)"
amarillo,wichitaFalls,"LINESTRING (-101.833821 35.207234, -101.581231 35.178528, -101.40309 35.127276000000016, -101.220923 35.041527000000016, -101.093949 35.030179000000004, -100.866437 34.92805400000002, -100.653954 34.86295199999999, -100.48860500000002 34.68219400000002, -100.464673 34.599627999999996, -100.435456 34.578966, -100.43770000000002 34.540445999999996, -100.256714 34.443912, -99.778406 34.293665999999995, -99.471532 34.249117000000005, -99.310241 34.161276, -99.140256 34.134013999999986, -98.967338 34.051276, -98.906111 34.043046000000004, -98.78730600000002 33.97404199999998, -98.525786 33.94451900000001, -98.501791 33.90045599999999)"
montBelvieu,laPorte,"LINESTRING (-94.890783 29.847938000000003, -94.895436 29.847546999999995, -94.89492 29.83619399999999, -94.904625 29.80062700000002, -94.91052700000002 29.79027200000003, -94.914898 29.772183000000005, -94.92439900000001 29.76139900000001, -94.930446 29.757582000000006, -94.963219 29.750538000000002, -94.981026 29.74984300000001, -94.98558 29.74758500000001, -94.994482 29.735076999999993, -94.99146 29.725550000000013, -94.99306800000001 29.72154300000001, -94.998983 29.715307000000003, -95.013034 29.706823000000018, -95.026718 29.695766000000006, -95.029786 29.691920999999994, -95.029764 29.66528400000001, -95.01933 29.665777000000006)"
orange,portArthur,"LINESTRING (-93.903742 30.122599999999977, -93.90785 30.120615000000004, -93.907918 30.116495000000004, -93.907351 30.105180000000008, -93.903551 30.105050999999996, -93.905346 30.09852900000001, -93.902787 30.051645999999995, -93.888805 30.03957899999997, -93.869527 30.039482000000014, -93.84597 30.033822999999998, -93.845768 30.021386000000007, -93.86728100000002 29.999523999999997, -93.876798 29.958258, -93.939231 29.887655999999993, -93.927583 29.879392999999983, -93.933259 29.871626999999997)"
odessa,midland,"LINESTRING (-102.367677 31.845699999999972, -102.35519500000001 31.827763000000015, -102.343584 31.83098699999999, -102.306591 31.86355500000001, -102.26455700000001 31.886003999999996, -102.119642 31.96085000000001, -102.073768 31.971726000000032, -102.033653 31.84458500000001, -102.020271 31.847556000000022, -102.01488400000001 31.830918000000008, -102.008892 31.832329999999995)"
houston,sanAntonio,"LINESTRING (-95.36786300000001 29.758731, -95.373875 29.77879600000001, -95.462238 29.78446899999999, -95.981911 29.782753000000007, -96.284821 29.750775000000004, -96.54306 29.691986999999994, -97.141398 29.69669399999999, -97.486379 29.649613999999996, -97.671894 29.65183199999999, -97.803773 29.615535000000005, -97.970348 29.598996999999994, -98.044891 29.549649, -98.25680500000001 29.47676399999999, -98.436908 29.42013900000001, -98.495383 29.424529999999994)"
baytown,texasCity,"LINESTRING (-94.97759300000001 29.735551000000005, -94.979524 29.720211000000003, -94.992093 29.723890000000022, -95.000666 29.714121000000013, -95.013978 29.70607800000001, -95.030215 29.690737000000016, -95.02987 29.63690399999999, -95.034413 29.622824000000012, -95.024779 29.555054, -95.022032 29.544099999999986, -94.970438 29.455819000000034, -94.958775 29.411382000000014, -94.952321 29.40146600000003, -94.95159 29.395258999999992, -94.916194 29.393238000000007, -94.917544 29.395026000000016)"
channelview,houston,"LINESTRING (-95.114654 29.776139999999984, -95.114666 29.777070999999996, -95.12435 29.77697799999999, -95.12438 29.778489999999994, -95.154145 29.771227999999994, -95.18226100000001 29.77061300000001, -95.200145 29.771671999999995, -95.21879 29.770431000000006, -95.23615500000001 29.773856000000016, -95.252142 29.773839000000002, -95.278971 29.778109000000008, -95.290356 29.778004000000013, -95.301405 29.774423000000006, -95.322711 29.774206000000028, -95.336606 29.769155000000012, -95.350955 29.770164999999995, -95.35967200000002 29.767238000000006, -95.36539400000001 29.769401999999996, -95.367766 29.76496900000001, -95.372114 29.761940000000006, -95.36786300000001 29.758731)"
lubbock,midland,"LINESTRING (-101.847022 33.58554399999998, -101.844207 33.456596999999995, -101.806603 33.36956099999997, -101.806987 33.006524000000006, -101.95123100000002 32.750225999999984, -101.926992 32.707264, -101.959202 32.69058599999999, -102.035216 32.524142000000005, -102.17271 32.327963999999994, -102.033653 31.84458500000001, -102.008892 31.832329999999995)"
lubbock,odessa,"LINESTRING (-101.847022 33.58554399999998, -101.844207 33.456596999999995, -101.806603 33.36956099999997, -101.807224 33.005652, -101.95123100000002 32.750225999999984, -101.926992 32.707264, -101.959202 32.69058599999999, -102.035374 32.523873, -102.172415 32.329272, -102.09703 32.096581, -102.166629 32.08028400000003, -102.25021600000001 32.022586999999994, -102.252504 31.97086, -102.309563 31.899200999999998, -102.351736 31.889626999999997, -102.344708 31.856152000000016, -102.367677 31.845699999999972)"
killeen,sanAntonio,"LINESTRING (-97.727792 31.117227999999997, -97.742943 31.120759999999994, -97.765493 31.061619000000004, -97.752258 31.00891299999999, -97.80184 30.885198, -97.757944 30.77183200000001, -97.653442 30.700659000000016, -97.69194100000001 30.630837, -97.671821 30.391632000000016, -97.735438 30.243610999999987, -97.92129 29.883394000000003, -98.095939 29.698420000000002, -98.387028 29.535482999999996, -98.414543 29.454798000000007, -98.495383 29.424529999999994)"
fortWorth,waco,"LINESTRING (-97.332623 32.75299599999999, -97.319852 32.750741000000005, -97.318698 32.55124600000002, -97.301309 32.51113299999999, -97.208734 32.389026999999984, -97.093481 32.05563199999999, -97.09593600000001 32.00421, -97.119466 31.967472999999984, -97.081434 31.877400999999985, -97.102822 31.792002999999994, -97.095702 31.62856000000001, -97.11042 31.584386999999975, -97.147339 31.54909000000001)"
deerPark,houston,"LINESTRING (-95.123815 29.70522800000001, -95.123964 29.711716000000013, -95.19093 29.713045, -95.22215 29.710016999999986, -95.228816 29.70750499999999, -95.244186 29.70606399999998, -95.267123 29.709380999999997, -95.283183 29.699239, -95.288644 29.698130000000013, -95.358333 29.742686999999997, -95.373008 29.750573000000003, -95.374511 29.752880000000008, -95.374602 29.75761200000001, -95.372097 29.76359800000001, -95.367184 29.76053799999999, -95.36786300000001 29.758731)"
texasCity,freeport,"LINESTRING (-94.917544 29.395026000000016, -94.951588 29.395390999999986, -94.94639700000002 29.358405000000005, -95.00929 29.357180999999997, -95.016174 29.34837900000001, -95.030534 29.35269700000001, -95.061128 29.321274000000003, -95.105921 29.30942399999999, -95.252425 29.17470999999999, -95.259686 29.142078000000005, -95.242562 29.128163000000008, -95.341816 29.048307000000005, -95.327637 29.028907999999994, -95.328151 28.997272999999996, -95.359698 28.954035999999974)"
collegeStation,austin,"LINESTRING (-96.34554 30.61834300000001, -96.382324 30.591351, -96.401806 30.60021199999997, -96.465917 30.649054000000014, -96.474004 30.649903000000005, -96.535996 30.638122999999993, -96.553401 30.61334099999999, -96.61461 30.59482100000002, -96.65844 30.571230999999994, -96.755706 30.487005000000007, -96.795902 30.44340200000002, -96.80730400000002 30.419421999999994, -96.826337 30.397039999999993, -96.867652 30.374678, -96.90902800000002 30.333960999999977, -96.947431 30.30915999999997, -96.961753 30.29000600000001, -96.963256 30.273726000000018, -96.99323 30.241843000000006, -97.014089 30.234001999999993, -97.035578 30.230195999999996, -97.066643 30.232672000000022, -97.10123 30.219663, -97.146088 30.214329000000017, -97.221377 30.246649999999992, -97.246098 30.285009999999993, -97.257937 30.29405000000002, -97.286477 30.29832899999999, -97.318707 30.321273000000012, -97.373217 30.338299, -97.390116 30.352121999999994, -97.559248 30.34876500000001, -97.62047 30.331314000000003, -97.705512 30.322555999999988, -97.734343 30.267745000000016, -97.743783 30.270907999999977)"
sanJacinto,laPorte,"LINESTRING (-95.19257100000002 30.509218000000004, -95.185225 30.464375999999984, -95.151493 30.428629, -95.116388 30.42535600000002, -95.090187 30.35306500000003, -95.11224700000001 30.30355800000001, -95.225592 30.140142999999995, -95.29517 29.941620999999998, -95.201195 29.927316000000012, -95.202692 29.88937700000002, -95.146302 29.759683000000006, -95.153795 29.711621000000008, -95.114827 29.710780000000003, -95.0325 29.687735, -95.029764 29.66528400000001, -95.01933 29.665777000000006)"
chocolateBay,sanAntonio,"LINESTRING (-96.621653 28.584268999999992, -96.645065 28.610177999999983, -96.712583 28.616982, -97.000441 28.799220999999996, -97.013588 28.84608500000001, -97.137462 28.96346799999999, -97.177126 29.035351999999993, -97.222477 29.068113000000032, -97.290037 29.093815000000006, -97.294993 29.084180999999983, -97.332668 29.090770000000006, -97.354805 29.083253999999997, -97.44555200000002 29.152215000000005, -97.465925 29.194237, -97.509393 29.202649, -97.568003 29.25251800000002, -97.722354 29.27700499999999, -97.960549 29.226678000000007, -98.029569 29.247535000000024, -98.074192 29.290868000000007, -98.112963 29.354219000000004, -98.204013 29.358063999999995, -98.404169 29.398259000000014, -98.405545 29.424018999999998, -98.495383 29.424529999999994)"
theWoodlands,collegeStation,"LINESTRING (-95.504517 30.17364699999998, -95.487518 30.184807999999983, -95.493223 30.194393, -95.544431 30.215759000000016, -95.56806200000001 30.216062999999995, -95.568192 30.22093500000001, -95.681664 30.223118999999976, -95.697216 30.229288, -95.725857 30.22249799999997, -95.736879 30.231255000000004, -95.743654 30.247456999999997, -95.780197 30.251303000000007, -95.79709 30.274195, -95.819936 30.292391000000013, -95.853413 30.29937300000002, -95.880605 30.298173000000006, -95.897429 30.307539999999985, -95.92552700000002 30.30799399999999, -95.949082 30.326042000000008, -95.95251600000002 30.34124899999999, -95.964811 30.355223000000006, -95.995289 30.353144000000015, -96.0246 30.369485, -96.066594 30.37624400000002, -96.074529 30.401995000000007, -96.103862 30.41661499999998, -96.186816 30.496739999999996, -96.278766 30.576187000000004, -96.290243 30.592333999999997, -96.334873 30.627903999999987, -96.34554 30.61834300000001)"
brazoria,pearland,"LINESTRING (-95.49952000000002 29.181846000000014, -95.484721 29.190482, -95.471623 29.18981800000001, -95.461733 29.197293999999996, -95.449189 29.197323000000008, -95.452024 29.20006799999999, -95.452804 29.25472100000003, -95.428493 29.293957000000002, -95.424863 29.305469, -95.426765 29.44440600000002, -95.421986 29.45572800000001, -95.389827 29.498117, -95.386512 29.518565999999975, -95.387004 29.55566299999999, -95.369427 29.556260999999992, -95.362299 29.55885200000001, -95.299547 29.559687999999994, -95.286387 29.563976000000004)"
abilene,wichitaFalls,"LINESTRING (-99.747886 32.44645199999999, -99.784637 32.452901000000004, -99.75095 32.518199, -99.81150000000001 32.59215499999998, -99.896266 32.73654499999998, -99.896653 32.775960000000005, -99.868977 32.812822999999995, -99.868303 32.86553200000002, -99.81415 32.941430000000004, -99.769921 33.03671199999998, -99.750094 33.11723600000001, -99.72885 33.14298600000003, -99.72576 33.18350900000001, -99.679642 33.29899699999999, -99.678679 33.32381200000002, -99.619262 33.447316, -99.522159 33.464274999999994, -99.28995 33.561068000000006, -99.280158 33.578139000000014, -99.243924 33.58413200000002, -99.24013200000002 33.61861900000002, -99.146472 33.66821899999999, -99.081083 33.68592200000002, -98.981173 33.691824999999966, -98.916394 33.732884999999996, -98.71659 33.80819399999998, -98.646802 33.854835000000016, -98.542934 33.87998600000001, -98.501791 33.90045599999999)"
fortWorth,killeen,"LINESTRING (-97.332623 32.75299599999999, -97.318698 32.55124600000002, -97.208734 32.389026999999984, -97.093524 32.05583400000002, -97.119466 31.967472999999984, -97.081434 31.877400999999985, -97.102822 31.792002999999994, -97.095941 31.627127999999995, -97.226595 31.330232000000013, -97.362613 31.099250000000012, -97.468794 31.046421999999982, -97.554945 31.055650999999987, -97.727792 31.117227999999997)"
corpusChristi,mcallen,"LINESTRING (-97.403232 27.7634, -97.44027 27.786034999999977, -97.655409 27.785980999999992, -97.730643 27.702123000000025, -97.793268 27.564337000000002, -97.841182 27.515888000000004, -98.099098 27.550821000000006, -98.150754 27.156777000000016, -98.136051 26.870740000000005, -98.099102 26.771181000000016, -98.109959 26.642253000000018, -98.150809 26.277492000000017, -98.182777 26.208330000000014, -98.230081 26.204024999999994)"
texasCity,chocolateBay,"LINESTRING (-94.917544 29.395026000000016, -95.03114300000001 29.405654999999996, -95.046746 29.392684000000006, -95.105551 29.390626999999995, -95.112913 29.38084399999999, -95.227829 29.42354299999999, -95.291279 29.324830000000002, -95.423175 29.164939000000032, -95.558776 29.142439000000014, -95.647997 29.144588000000006, -95.691561 29.097704000000007, -95.83906 29.063808999999996, -95.939992 28.983012000000016, -96.013727 28.984545000000004, -96.147296 28.896981000000004, -96.208718 28.872031999999994, -96.252222 28.868349000000002, -96.366402 28.72685900000001, -96.392446 28.73968899999999, -96.44014 28.73133800000001, -96.580085 28.66381000000002, -96.621552 28.632467000000005, -96.631456 28.606553999999992, -96.621653 28.584268999999992)"
fortWorth,dallas,"LINESTRING (-97.332623 32.75299599999999, -97.321564 32.75665900000001, -97.30856 32.74725200000001, -97.279451 32.75030300000002, -97.262865 32.75769300000002, -97.238811 32.760539000000016, -96.99160800000001 32.75839800000001, -96.886959 32.767683000000005, -96.860595 32.766904, -96.846147 32.763781, -96.813371 32.770954999999994, -96.803682 32.768513999999996, -96.796262 32.77222299999998, -96.798074 32.772283000000016, -96.796749 32.775945)"
amarillo,abilene,"LINESTRING (-101.833821 35.207234, -101.841308 35.178548000000006, -101.909065 35.11805999999997, -101.918975 35.024045, -101.849058 34.942867000000014, -101.84751 34.721275, -101.793757 34.57995599999999, -101.776662 34.383216000000004, -101.708721 34.241466000000024, -101.749952 34.19607700000001, -101.750388 34.12930300000001, -101.841495 34.071482, -101.853809 34.045395000000006, -101.843048 33.61754100000003, -101.788715 33.59733700000002, -101.793502 33.53569499999999, -101.672112 33.46095399999999, -101.661833 33.43097599999997, -101.556659 33.359562999999994, -101.436311 33.219423000000006, -101.37601600000002 33.19809, -101.162889 33.00286199999999, -101.10421 32.978001, -101.051878 32.88079700000002, -100.986926 32.83278899999996, -100.921141 32.74137000000001, -100.779606 32.654880000000006, -100.610679 32.47513299999999, -100.508195 32.4457, -100.412266 32.447499, -100.307651 32.493767, -100.126324 32.495773999999976, -99.747886 32.44645199999999)"
odessa,elPaso,"LINESTRING (-102.367677 31.845699999999972, -102.87694200000001 31.579295999999992, -103.327759 31.475238000000008, -103.398096 31.419714000000006, -103.49842 31.39589000000001, -103.556289 31.406481000000017, -103.741816 31.339833, -103.854305 31.269380999999996, -104.070459 31.083911, -104.159029 31.060793999999998, -104.413745 31.073787000000006, -104.84556 31.035797000000006, -104.902165 31.039231000000004, -105.48418800000002 31.217688, -105.531173 31.19327000000001, -105.709485 31.178146000000005, -105.92402200000001 31.381267000000005, -106.12071600000002 31.50691, -106.325453 31.740342000000002, -106.401492 31.78229900000002, -106.463788 31.777933999999995, -106.488236 31.755057)"
sanJacinto,collegeStation,"LINESTRING (-95.19257100000002 30.509218000000004, -95.19803300000001 30.513507999999995, -95.204414 30.511037000000016, -95.20628 30.522521999999995, -95.217979 30.52523799999999, -95.235021 30.54266300000001, -95.238821 30.56112799999999, -95.29711000000002 30.543121999999986, -95.33283 30.52417000000001, -95.386013 30.523048000000003, -95.456085 30.535493, -95.468914 30.531517, -95.483592 30.537605999999997, -95.495577 30.546271, -95.501704 30.56416400000001, -95.511189 30.660941, -95.520808 30.676864, -95.552371 30.693864000000023, -95.569034 30.71830599999999, -95.586347 30.717269, -95.617073 30.700773999999992, -95.703349 30.68452299999999, -95.74992 30.684149000000026, -95.833735 30.658186999999995, -95.881276 30.62794, -95.886851 30.613799, -95.939235 30.583589999999976, -95.960174 30.589342, -96.031312 30.595614000000005, -96.088366 30.59470100000002, -96.10787 30.602072999999997, -96.136835 30.60505100000001, -96.172492 30.603530999999997, -96.212161 30.629924000000006, -96.242148 30.631816999999995, -96.262788 30.649543999999985, -96.286846 30.658526999999978, -96.34554 30.61834300000001)"
sanJacinto,deerPark,"LINESTRING (-95.19257100000002 30.509218000000004, -95.185225 30.464375999999984, -95.151493 30.428629, -95.116388 30.42535600000002, -95.090187 30.35306500000003, -95.11224700000001 30.30355800000001, -95.225592 30.140142999999995, -95.295219 29.941918, -95.201404 29.927612000000018, -95.202692 29.88937700000002, -95.146302 29.759683000000006, -95.153795 29.711621000000008, -95.123815 29.70522800000001)"
pasadena,houston,"LINESTRING (-95.209285 29.69106700000001, -95.20955500000001 29.711507000000015, -95.217043 29.711093000000005, -95.22419100000002 29.709517999999992, -95.228816 29.70750499999999, -95.244866 29.706032000000008, -95.267123 29.709380999999997, -95.27083 29.70773099999999, -95.283183 29.699239, -95.286668 29.698190999999994, -95.289371 29.698347000000002, -95.315831 29.715586, -95.326581 29.721607999999986, -95.340171 29.73029599999998, -95.345823 29.734689, -95.358333 29.742686999999997, -95.365274 29.745929000000004, -95.373008 29.750573000000003, -95.374511 29.752880000000008, -95.374602 29.75761200000001, -95.372097 29.76359800000001, -95.37062 29.763457000000013, -95.367184 29.76053799999999, -95.36838300000001 29.759044000000006, -95.36786300000001 29.758731)"
chocolateBay,freeport,"LINESTRING (-96.621653 28.584268999999992, -96.622571 28.595344, -96.631456 28.606553999999992, -96.621827 28.613984999999996, -96.626496 28.620809000000012, -96.621552 28.632467000000005, -96.575528 28.666472000000006, -96.44014 28.73133800000001, -96.392446 28.73968899999999, -96.366402 28.72685900000001, -96.345469 28.762386999999997, -96.284981 28.818776000000003, -96.252222 28.868349000000002, -96.209244 28.870884999999994, -96.19202 28.882741999999986, -96.147296 28.896981000000004, -96.013172 28.984432, -95.939911 28.983047999999997, -95.90455 29.004255000000008, -95.838205 29.06393400000002, -95.772458 29.07268, -95.758912 29.08175100000002, -95.733007 29.08452500000001, -95.691344 29.097477, -95.680214 29.10556900000002, -95.670658 29.124362000000005, -95.653231 29.138068, -95.62835 29.092910999999994, -95.577217 29.060684, -95.566713 29.033438999999998, -95.517803 28.98641000000002, -95.488132 28.984421000000005, -95.44714300000001 28.969748999999997, -95.41057 28.966812999999984, -95.38749 28.94886900000003, -95.363923 28.942394999999998, -95.359698 28.954035999999974)"
sanAngelo,odessa,"LINESTRING (-100.440481 31.464924999999997, -100.477763 31.498084000000006, -100.501274 31.54871199999999, -100.624227 31.593465000000013, -100.713458 31.667796999999986, -100.761585 31.684875000000016, -100.842258 31.76414400000001, -100.923647 31.796191999999994, -100.966659 31.83519400000001, -101.01781400000002 31.840836000000003, -101.036768 31.855592, -101.108077 31.857353999999997, -101.150802 31.84878500000002, -101.220018 31.80491299999998, -101.267785 31.801197000000027, -101.306039 31.807079999999985, -101.376729 31.847607999999997, -101.473314 31.865421, -101.62028400000001 31.863908999999996, -102.039231 31.982914000000005, -102.120872 31.96048300000001, -102.304272 31.86526200000001, -102.343791 31.831106999999992, -102.355714 31.828831, -102.367677 31.845699999999972)"
pasadena,channelview,"LINESTRING (-95.209285 29.69106700000001, -95.209548 29.711119000000007, -95.190455 29.712864, -95.153066 29.711614999999995, -95.151918 29.716019, -95.147824 29.721760999999994, -95.145597 29.740640999999997, -95.146268 29.760657000000002, -95.147929 29.764893999999995, -95.151772 29.770793999999995, -95.124555 29.777736999999995, -95.124506 29.776973000000016, -95.114583 29.777060000000002, -95.113913 29.776148000000017, -95.114654 29.776139999999984)"
elPaso,midland,"LINESTRING (-106.488236 31.755057, -106.463518 31.77774800000001, -106.401815 31.782139000000004, -106.325534 31.740192999999998, -106.120807 31.506190000000004, -105.92496800000002 31.38135999999999, -105.709641 31.17795900000001, -105.531349 31.193002000000014, -105.484449 31.217500000000012, -104.901588 31.038810000000005, -104.845461 31.035567999999998, -104.41399 31.073448999999993, -104.158797 31.060480000000005, -104.06125600000001 31.084750000000003, -103.854142 31.26924600000001, -103.741872 31.339578999999993, -103.55618000000001 31.406314, -103.4978 31.395753000000006, -103.39817100000002 31.419484000000033, -103.331085 31.47412100000001, -102.87652 31.57925, -102.609902 31.730677000000018, -102.425407 31.81680499999999, -102.343584 31.83098699999999, -102.116586 31.962069000000003, -102.073768 31.971726000000032, -102.033653 31.84458500000001, -102.008892 31.832329999999995)"
freeport,pearland,"LINESTRING (-95.359698 28.954035999999974, -95.373713 28.957954000000033, -95.37076000000002 28.970835999999995, -95.386073 29.000937, -95.403064 29.009556999999987, -95.429343 29.01379400000001, -95.45381900000001 29.040565000000015, -95.453143 29.252676, -95.425368 29.30213099999999, -95.426901 29.443582999999997, -95.389796 29.498201, -95.387004 29.55566299999999, -95.299547 29.559687999999994, -95.286387 29.563976000000004)"
brownsville,mcallen,"LINESTRING (-97.498138 25.902401000000015, -97.487477 25.90889200000002, -97.490947 25.927501000000007, -97.503817 25.94335700000003, -97.529473 26.003028000000015, -97.534532 26.031371999999994, -97.563704 26.058078999999996, -97.60253 26.1082, -97.629983 26.121926000000016, -97.717925 26.188427999999995, -97.77545 26.186896999999988, -97.818216 26.16597, -97.904587 26.158803999999996, -97.935287 26.151366999999997, -97.980402 26.172547999999995, -98.014823 26.172917000000005, -98.143363 26.194299, -98.162518 26.204067999999996, -98.187456 26.207567000000008, -98.204107 26.198585000000005, -98.230081 26.204024999999994)"
odessa,sonora,"LINESTRING (-102.367677 31.845699999999972, -102.354867 31.826282, -102.370902 31.782781999999997, -102.32885 31.647345, -102.328229 31.599392999999992, -102.361288 31.487126999999994, -102.362386 31.435606000000003, -102.348278 31.390748999999996, -102.352184 31.299024000000006, -102.308916 31.196500000000004, -102.228813 31.144605, -102.111338 30.965896, -102.070268 30.94014100000002, -102.041913 30.905337999999993, -102.09521 30.867766000000028, -102.008689 30.825369999999978, -101.939619 30.766835000000004, -101.841836 30.73904599999997, -101.797363 30.714255999999995, -101.693813 30.747282000000013, -101.541074 30.725903000000017, -101.508971 30.703447000000004, -101.326833 30.677193000000006, -101.160515 30.71018900000002, -100.951448 30.661551999999993, -100.83489400000002 30.620473999999987, -100.748135 30.616220000000006, -100.66829 30.58764100000001, -100.643031 30.566985999999986)"
fortWorth,texarkana,"LINESTRING (-97.332623 32.75299599999999, -96.845763 32.763805, -96.677885 32.799174999999984, -96.330169 32.970056, -96.258024 32.987895000000016, -96.072674 33.135609, -95.593847 33.116345, -95.56148 33.14457499999999, -95.39001 33.16612300000001, -95.036617 33.158262, -94.915918 33.19985699999999, -94.785791 33.28710799999998, -94.711065 33.29929, -94.525085 33.43970699999998, -94.445407 33.475543999999985, -94.267247 33.47640200000001, -94.077288 33.44683500000002)"
collegeStation,sanAntonio,"LINESTRING (-96.34554 30.61834300000001, -96.381754 30.59122899999999, -96.467878 30.649959000000017, -96.535996 30.638122999999993, -96.552486 30.613913999999998, -96.65844 30.571230999999994, -96.722209 30.519658000000007, -96.795326 30.444099, -96.826337 30.397039999999993, -96.948843 30.307846000000012, -96.962918 30.274178999999997, -96.994176 30.241242999999994, -97.141272 30.214090000000006, -97.174331 30.178768, -97.307957 30.105432999999998, -97.436832 30.109853, -97.491989 30.08735699999998, -97.546829 30.084177, -97.689253 30.027601000000008, -97.672206 29.942208000000004, -97.677923 29.919784999999994, -97.711872 29.89304000000001, -97.707681 29.86395499999999, -97.732471 29.837191000000015, -97.77565100000001 29.804452, -97.793669 29.776846000000013, -97.881253 29.717953000000005, -97.869015 29.68122500000001, -97.886677 29.655422999999992, -97.880262 29.608233000000027, -97.971099 29.598783, -98.045937 29.54922299999998, -98.434958 29.42065800000002, -98.495383 29.424529999999994)"
pasadena,sugarLand,"LINESTRING (-95.209285 29.69106700000001, -95.20955500000001 29.711507000000015, -95.244866 29.706032000000008, -95.267123 29.709380999999997, -95.285283 29.698366, -95.29611500000001 29.695475, -95.31487800000001 29.696795, -95.356207 29.680839000000002, -95.427474 29.67804099999997, -95.44374 29.654767999999994, -95.546545 29.615879999999997, -95.557495 29.61620200000001, -95.588265 29.628623999999988, -95.634985 29.619828999999996)"
killeen,abilene,"LINESTRING (-97.727792 31.117227999999997, -97.857023 31.121130000000008, -97.900358 31.096175000000027, -98.035924 31.07742799999999, -98.06879 31.05598100000002, -98.099342 31.050739999999998, -98.18204 31.063750000000002, -98.187423 31.084558, -98.312563 31.139824, -98.381023 31.194023999999995, -98.486079 31.316122000000007, -98.51131 31.359768000000006, -98.558861 31.40156300000001, -98.57433400000001 31.462619999999994, -98.569401 31.477726000000004, -98.585237 31.512869999999992, -98.664454 31.559492000000002, -98.703109 31.610774000000006, -98.802561 31.68400999999998, -98.945335 31.742469999999976, -99.016965 31.72085199999999, -99.13438 31.716699000000006, -99.159957 31.726095000000004, -99.334469 31.742932000000025, -99.357748 31.777392999999993, -99.41279 31.824170000000006, -99.426703 31.856153000000027, -99.446501 31.86106900000001, -99.481702 31.89128400000001, -99.534404 31.951784000000004, -99.589009 31.996081000000007, -99.65231 32.020347, -99.743068 32.135032999999986, -99.759293 32.22930099999999, -99.75779 32.306629, -99.742264 32.34514599999999, -99.74213300000001 32.38260899999998, -99.757895 32.402167999999996, -99.747886 32.44645199999999)"
pearland,sugarLand,"LINESTRING (-95.286387 29.563976000000004, -95.286325 29.600604, -95.345516 29.600249, -95.358384 29.598248, -95.454564 29.596696999999995, -95.46049 29.598283999999985, -95.509975 29.621280999999996, -95.517741 29.626768000000016, -95.549409 29.61541700000001, -95.557975 29.616348999999992, -95.581167 29.626915000000018, -95.588265 29.628623999999988, -95.634985 29.619828999999996)"
deerPark,pearland,"LINESTRING (-95.123815 29.70522800000001, -95.123964 29.711716000000013, -95.153786 29.712389999999996, -95.153709 29.688012999999998, -95.156276 29.677663, -95.156225 29.650277000000003, -95.15856 29.64243900000002, -95.173786 29.627585, -95.191509 29.616734999999988, -95.210179 29.603245999999995, -95.21701 29.601166999999993, -95.286325 29.600604, -95.286387 29.563976000000004)"
texarkana,dallas,"LINESTRING (-94.077288 33.44683500000002, -94.087418 33.439833999999976, -94.099677 33.45247499999999, -94.26712400000001 33.47660100000001, -94.337157 33.468392, -94.444714 33.47596199999999, -94.52475 33.44033700000001, -94.713201 33.299202000000015, -94.785991 33.28742900000001, -94.88162800000002 33.23204099999999, -94.916209 33.199935999999994, -95.03651 33.15850599999999, -95.390597 33.16626699999999, -95.451789 33.147748000000014, -95.561362 33.144774000000005, -95.595235 33.11642900000001, -95.721293 33.11957699999999, -95.787835 33.131596999999985, -96.072877 33.13578999999999, -96.200666 33.021938, -96.25943600000001 32.987447, -96.330294 32.970159, -96.386615 32.92967600000001, -96.445409 32.91303400000001, -96.67704 32.799641, -96.759976 32.79078700000001, -96.796749 32.775945)"
theWoodlands,sanJacinto,"LINESTRING (-95.504517 30.17364699999998, -95.482052 30.189921000000012, -95.481911 30.204182999999972, -95.45578 30.207294999999995, -95.456727 30.27732399999999, -95.483227 30.347758, -95.48639 30.402149000000005, -95.494886 30.432556, -95.493982 30.534314999999985, -95.483592 30.537605999999997, -95.467695 30.531403999999995, -95.456085 30.535493, -95.386013 30.523048000000003, -95.33283 30.52417000000001, -95.297328 30.543036999999988, -95.238821 30.56112799999999, -95.235021 30.54266300000001, -95.217979 30.52523799999999, -95.20628 30.522521999999995, -95.204414 30.511037000000016, -95.19803300000001 30.513507999999995, -95.19257100000002 30.509218000000004)"
collegeStation,centerville,"LINESTRING (-96.34554 30.61834300000001, -96.32783700000002 30.633935999999995, -96.308596 30.641502999999997, -96.35812800000001 30.697063999999973, -96.316131 30.74244999999999, -96.260731 30.78536400000001, -96.221873 30.825363000000007, -96.203431 30.859285999999997, -96.171034 30.888207, -96.098944 30.918740000000014, -96.08341 30.917578000000006, -96.07388 30.922563, -95.979911 30.91339399999999, -95.911479 30.950134000000006, -95.922762 31.015671999999995, -95.944334 31.044079000000025, -95.975515 31.122491000000007, -95.99632700000001 31.208476000000005, -95.987848 31.25602100000001, -95.97871 31.257822999999995)"
baytown,deerPark,"LINESTRING (-94.97759300000001 29.735551000000005, -94.978437 29.734915000000015, -94.978189 29.733648000000006, -94.979079 29.732608999999993, -94.978397 29.726574, -94.979524 29.720211000000003, -94.985916 29.72159699999999, -94.992093 29.723890000000022, -94.99481 29.720002999999995, -95.000666 29.714121000000013, -95.013978 29.70607800000001, -95.026718 29.695766000000006, -95.029169 29.693067999999997, -95.031322 29.689281999999995, -95.033031 29.688417000000012, -95.037691 29.688105000000004, -95.04058700000002 29.68858399999999, -95.114091 29.711156000000006, -95.124091 29.711719000000013, -95.123815 29.70522800000001)"
texasCity,pearland,"LINESTRING (-94.917544 29.395026000000016, -94.916196 29.393368999999993, -94.990409 29.396343999999992, -95.00727400000001 29.398212999999984, -95.0347 29.406615999999993, -95.06927300000001 29.439493999999993, -95.094612 29.471072000000014, -95.130379 29.52892700000002, -95.136789 29.52500000000001, -95.175057 29.520770000000013, -95.185731 29.51167500000002, -95.189816 29.515066999999995, -95.191456 29.521498999999995, -95.21133 29.537573000000002, -95.232539 29.547644999999974, -95.243641 29.54788400000001, -95.280043 29.56329299999998, -95.286387 29.563976000000004)"
channelview,deerPark,"LINESTRING (-95.114654 29.776139999999984, -95.113913 29.776148000000017, -95.114666 29.777070999999996, -95.12435 29.77697799999999, -95.12438 29.778489999999994, -95.149442 29.772368999999998, -95.151136 29.771411, -95.151737 29.77004000000003, -95.151248 29.768266000000025, -95.148095 29.76469499999998, -95.146302 29.759683000000006, -95.145755 29.739862999999993, -95.147905 29.72178699999999, -95.148792 29.719996999999996, -95.153406 29.714808, -95.153795 29.711621000000008, -95.12408 29.711127000000012, -95.123815 29.70522800000001)"
